Age Group,Percentage
(5-14),0.011509275
(15-24),0.121510378
(25-34),0.174242534
(35-54),0.189869241
(55-74),0.199858863
(75+),0.303009709
,
,
,
,
,
,
,
,
