Year,Crude suicide rates (per 100k population)
2012,7.786363636
2013,7.618181818
2014,7.372727273
