Year,Gender,Average Crude Suicide Rates (per 100k population)
2012,Male,11.41136364
2012,Female,3.7625
2013,Male,11.11590909
2013,Female,4.034090909
2014,Male,10.78181818
2014,Female,3.930555556
