Year,Age Group,Percentage
2012,(5-14),0.59
2012,(15-24),7.080588235
2012,(25-34),10.40823529
2012,(35-54),11.01
2012,(55-74),11.5
2012,(75+),17.31323529
2013,(5-14),0.707647059
2013,(15-24),7.064411765
2013,(25-34),9.755294118
2013,(35-54),10.65676471
2013,(55-74),11.11
2013,(75+),17.99058824
2014,(5-14),0.626571429
2014,(15-24),6.199166667
2014,(25-34),9.002777778
2014,(35-54),10.09833333
2014,(55-74),10.80628571
2014,(75+),15.43
